start_datetime,end_datetime,time,per,perlen,nstp,tsmult,steady,oc,parent_sp
2017-01-01,2018-01-01,365.0,0,365.0,3,1.3,False,"['save head last', 'save budget last']",0
2018-01-01,2018-01-02,366.0,1,1.0,1,1.0,False,"['save head last', 'save budget last']",1
2018-01-02,2018-01-03,367.0,2,1.0,1,1.0,False,"['save head last', 'save budget last']",2
2018-01-03,2018-01-04,368.0,3,1.0,1,1.0,False,"['save head last', 'save budget last']",3
2018-01-04,2018-01-05,369.0,4,1.0,1,1.0,False,"['save head last', 'save budget last']",4
2018-01-05,2018-01-06,370.0,5,1.0,1,1.0,False,"['save head last', 'save budget last']",5
2018-01-06,2018-01-07,371.0,6,1.0,1,1.0,False,"['save head last', 'save budget last']",6
2018-01-07,2018-01-08,372.0,7,1.0,1,1.0,False,"['save head last', 'save budget last']",7
2018-01-08,2018-01-09,373.0,8,1.0,1,1.0,False,"['save head last', 'save budget last']",8
2018-01-09,2018-01-10,374.0,9,1.0,1,1.0,False,"['save head last', 'save budget last']",9
2018-01-10,2018-01-11,375.0,10,1.0,1,1.0,False,"['save head last', 'save budget last']",10
2018-01-11,2018-01-12,376.0,11,1.0,1,1.0,False,"['save head last', 'save budget last']",11
2018-01-12,2018-01-13,377.0,12,1.0,1,1.0,False,"['save head last', 'save budget last']",12
2018-01-13,2018-01-14,378.0,13,1.0,1,1.0,False,"['save head last', 'save budget last']",13
2018-01-14,2018-01-15,379.0,14,1.0,1,1.0,False,"['save head last', 'save budget last']",14
2018-01-15,2018-01-16,380.0,15,1.0,1,1.0,False,"['save head last', 'save budget last']",15
2018-01-16,2018-01-17,381.0,16,1.0,1,1.0,False,"['save head last', 'save budget last']",16
2018-01-17,2018-01-18,382.0,17,1.0,1,1.0,False,"['save head last', 'save budget last']",17
2018-01-18,2018-01-19,383.0,18,1.0,1,1.0,False,"['save head last', 'save budget last']",18
2018-01-19,2018-01-20,384.0,19,1.0,1,1.0,False,"['save head last', 'save budget last']",19
2018-01-20,2018-01-21,385.0,20,1.0,1,1.0,False,"['save head last', 'save budget last']",20
2018-01-21,2018-01-22,386.0,21,1.0,1,1.0,False,"['save head last', 'save budget last']",21
2018-01-22,2018-01-23,387.0,22,1.0,1,1.0,False,"['save head last', 'save budget last']",22
2018-01-23,2018-01-24,388.0,23,1.0,1,1.0,False,"['save head last', 'save budget last']",23
2018-01-24,2018-01-25,389.0,24,1.0,1,1.0,False,"['save head last', 'save budget last']",24
2018-01-25,2018-01-26,390.0,25,1.0,1,1.0,False,"['save head last', 'save budget last']",25
2018-01-26,2018-01-27,391.0,26,1.0,1,1.0,False,"['save head last', 'save budget last']",26
2018-01-27,2018-01-28,392.0,27,1.0,1,1.0,False,"['save head last', 'save budget last']",27
2018-01-28,2018-01-29,393.0,28,1.0,1,1.0,False,"['save head last', 'save budget last']",28
2018-01-29,2018-01-30,394.0,29,1.0,1,1.0,False,"['save head last', 'save budget last']",29
2018-01-30,2018-01-31,395.0,30,1.0,1,1.0,False,"['save head last', 'save budget last']",30
2018-01-31,2018-02-01,396.0,31,1.0,1,1.0,False,"['save head last', 'save budget last']",31
2018-02-01,2018-02-02,397.0,32,1.0,1,1.0,False,"['save head last', 'save budget last']",32
2018-02-02,2018-02-03,398.0,33,1.0,1,1.0,False,"['save head last', 'save budget last']",33
2018-02-03,2018-02-04,399.0,34,1.0,1,1.0,False,"['save head last', 'save budget last']",34
2018-02-04,2018-02-05,400.0,35,1.0,1,1.0,False,"['save head last', 'save budget last']",35
2018-02-05,2018-02-06,401.0,36,1.0,1,1.0,False,"['save head last', 'save budget last']",36
2018-02-06,2018-02-07,402.0,37,1.0,1,1.0,False,"['save head last', 'save budget last']",37
2018-02-07,2018-02-08,403.0,38,1.0,1,1.0,False,"['save head last', 'save budget last']",38
2018-02-08,2018-02-09,404.0,39,1.0,1,1.0,False,"['save head last', 'save budget last']",39
2018-02-09,2018-02-10,405.0,40,1.0,1,1.0,False,"['save head last', 'save budget last']",40
2018-02-10,2018-02-11,406.0,41,1.0,1,1.0,False,"['save head last', 'save budget last']",41
2018-02-11,2018-02-12,407.0,42,1.0,1,1.0,False,"['save head last', 'save budget last']",42
2018-02-12,2018-02-13,408.0,43,1.0,1,1.0,False,"['save head last', 'save budget last']",43
2018-02-13,2018-02-14,409.0,44,1.0,1,1.0,False,"['save head last', 'save budget last']",44
2018-02-14,2018-02-15,410.0,45,1.0,1,1.0,False,"['save head last', 'save budget last']",45
2018-02-15,2018-02-16,411.0,46,1.0,1,1.0,False,"['save head last', 'save budget last']",46
2018-02-16,2018-02-17,412.0,47,1.0,1,1.0,False,"['save head last', 'save budget last']",47
2018-02-17,2018-02-18,413.0,48,1.0,1,1.0,False,"['save head last', 'save budget last']",48
2018-02-18,2018-02-19,414.0,49,1.0,1,1.0,False,"['save head last', 'save budget last']",49
2018-02-19,2018-02-20,415.0,50,1.0,1,1.0,False,"['save head last', 'save budget last']",50
2018-02-20,2018-02-21,416.0,51,1.0,1,1.0,False,"['save head last', 'save budget last']",51
2018-02-21,2018-02-22,417.0,52,1.0,1,1.0,False,"['save head last', 'save budget last']",52
2018-02-22,2018-02-23,418.0,53,1.0,1,1.0,False,"['save head last', 'save budget last']",53
2018-02-23,2018-02-24,419.0,54,1.0,1,1.0,False,"['save head last', 'save budget last']",54
2018-02-24,2018-02-25,420.0,55,1.0,1,1.0,False,"['save head last', 'save budget last']",55
2018-02-25,2018-02-26,421.0,56,1.0,1,1.0,False,"['save head last', 'save budget last']",56
2018-02-26,2018-02-27,422.0,57,1.0,1,1.0,False,"['save head last', 'save budget last']",57
2018-02-27,2018-02-28,423.0,58,1.0,1,1.0,False,"['save head last', 'save budget last']",58
2018-02-28,2018-03-01,424.0,59,1.0,1,1.0,False,"['save head last', 'save budget last']",59
2018-03-01,2018-03-02,425.0,60,1.0,1,1.0,False,"['save head last', 'save budget last']",60
2018-03-02,2018-03-03,426.0,61,1.0,1,1.0,False,"['save head last', 'save budget last']",61
2018-03-03,2018-03-04,427.0,62,1.0,1,1.0,False,"['save head last', 'save budget last']",62
2018-03-04,2018-03-05,428.0,63,1.0,1,1.0,False,"['save head last', 'save budget last']",63
2018-03-05,2018-03-06,429.0,64,1.0,1,1.0,False,"['save head last', 'save budget last']",64
2018-03-06,2018-03-07,430.0,65,1.0,1,1.0,False,"['save head last', 'save budget last']",65
2018-03-07,2018-03-08,431.0,66,1.0,1,1.0,False,"['save head last', 'save budget last']",66
2018-03-08,2018-03-09,432.0,67,1.0,1,1.0,False,"['save head last', 'save budget last']",67
2018-03-09,2018-03-10,433.0,68,1.0,1,1.0,False,"['save head last', 'save budget last']",68
2018-03-10,2018-03-11,434.0,69,1.0,1,1.0,False,"['save head last', 'save budget last']",69
2018-03-11,2018-03-12,435.0,70,1.0,1,1.0,False,"['save head last', 'save budget last']",70
2018-03-12,2018-03-13,436.0,71,1.0,1,1.0,False,"['save head last', 'save budget last']",71
2018-03-13,2018-03-14,437.0,72,1.0,1,1.0,False,"['save head last', 'save budget last']",72
2018-03-14,2018-03-15,438.0,73,1.0,1,1.0,False,"['save head last', 'save budget last']",73
2018-03-15,2018-03-16,439.0,74,1.0,1,1.0,False,"['save head last', 'save budget last']",74
2018-03-16,2018-03-17,440.0,75,1.0,1,1.0,False,"['save head last', 'save budget last']",75
2018-03-17,2018-03-18,441.0,76,1.0,1,1.0,False,"['save head last', 'save budget last']",76
2018-03-18,2018-03-19,442.0,77,1.0,1,1.0,False,"['save head last', 'save budget last']",77
2018-03-19,2018-03-20,443.0,78,1.0,1,1.0,False,"['save head last', 'save budget last']",78
2018-03-20,2018-03-21,444.0,79,1.0,1,1.0,False,"['save head last', 'save budget last']",79
2018-03-21,2018-03-22,445.0,80,1.0,1,1.0,False,"['save head last', 'save budget last']",80
2018-03-22,2018-03-23,446.0,81,1.0,1,1.0,False,"['save head last', 'save budget last']",81
2018-03-23,2018-03-24,447.0,82,1.0,1,1.0,False,"['save head last', 'save budget last']",82
2018-03-24,2018-03-25,448.0,83,1.0,1,1.0,False,"['save head last', 'save budget last']",83
2018-03-25,2018-03-26,449.0,84,1.0,1,1.0,False,"['save head last', 'save budget last']",84
2018-03-26,2018-03-27,450.0,85,1.0,1,1.0,False,"['save head last', 'save budget last']",85
2018-03-27,2018-03-28,451.0,86,1.0,1,1.0,False,"['save head last', 'save budget last']",86
2018-03-28,2018-03-29,452.0,87,1.0,1,1.0,False,"['save head last', 'save budget last']",87
2018-03-29,2018-03-30,453.0,88,1.0,1,1.0,False,"['save head last', 'save budget last']",88
2018-03-30,2018-03-31,454.0,89,1.0,1,1.0,False,"['save head last', 'save budget last']",89
2018-03-31,2018-04-01,455.0,90,1.0,1,1.0,False,"['save head last', 'save budget last']",90
2018-04-01,2018-04-02,456.0,91,1.0,1,1.0,False,"['save head last', 'save budget last']",91
2018-04-02,2018-04-03,457.0,92,1.0,1,1.0,False,"['save head last', 'save budget last']",92
2018-04-03,2018-04-04,458.0,93,1.0,1,1.0,False,"['save head last', 'save budget last']",93
2018-04-04,2018-04-05,459.0,94,1.0,1,1.0,False,"['save head last', 'save budget last']",94
2018-04-05,2018-04-06,460.0,95,1.0,1,1.0,False,"['save head last', 'save budget last']",95
2018-04-06,2018-04-07,461.0,96,1.0,1,1.0,False,"['save head last', 'save budget last']",96
2018-04-07,2018-04-08,462.0,97,1.0,1,1.0,False,"['save head last', 'save budget last']",97
2018-04-08,2018-04-09,463.0,98,1.0,1,1.0,False,"['save head last', 'save budget last']",98
2018-04-09,2018-04-10,464.0,99,1.0,1,1.0,False,"['save head last', 'save budget last']",99
2018-04-10,2018-04-11,465.0,100,1.0,1,1.0,False,"['save head last', 'save budget last']",100
2018-04-11,2018-04-12,466.0,101,1.0,1,1.0,False,"['save head last', 'save budget last']",101
2018-04-12,2018-04-13,467.0,102,1.0,1,1.0,False,"['save head last', 'save budget last']",102
2018-04-13,2018-04-14,468.0,103,1.0,1,1.0,False,"['save head last', 'save budget last']",103
2018-04-14,2018-04-15,469.0,104,1.0,1,1.0,False,"['save head last', 'save budget last']",104
2018-04-15,2018-04-16,470.0,105,1.0,1,1.0,False,"['save head last', 'save budget last']",105
2018-04-16,2018-04-17,471.0,106,1.0,1,1.0,False,"['save head last', 'save budget last']",106
2018-04-17,2018-04-18,472.0,107,1.0,1,1.0,False,"['save head last', 'save budget last']",107
2018-04-18,2018-04-19,473.0,108,1.0,1,1.0,False,"['save head last', 'save budget last']",108
2018-04-19,2018-04-20,474.0,109,1.0,1,1.0,False,"['save head last', 'save budget last']",109
2018-04-20,2018-04-21,475.0,110,1.0,1,1.0,False,"['save head last', 'save budget last']",110
2018-04-21,2018-04-22,476.0,111,1.0,1,1.0,False,"['save head last', 'save budget last']",111
2018-04-22,2018-04-23,477.0,112,1.0,1,1.0,False,"['save head last', 'save budget last']",112
2018-04-23,2018-04-24,478.0,113,1.0,1,1.0,False,"['save head last', 'save budget last']",113
2018-04-24,2018-04-25,479.0,114,1.0,1,1.0,False,"['save head last', 'save budget last']",114
2018-04-25,2018-04-26,480.0,115,1.0,1,1.0,False,"['save head last', 'save budget last']",115
2018-04-26,2018-04-27,481.0,116,1.0,1,1.0,False,"['save head last', 'save budget last']",116
2018-04-27,2018-04-28,482.0,117,1.0,1,1.0,False,"['save head last', 'save budget last']",117
2018-04-28,2018-04-29,483.0,118,1.0,1,1.0,False,"['save head last', 'save budget last']",118
2018-04-29,2018-04-30,484.0,119,1.0,1,1.0,False,"['save head last', 'save budget last']",119
2018-04-30,2018-05-01,485.0,120,1.0,1,1.0,False,"['save head last', 'save budget last']",120
2018-05-01,2018-05-02,486.0,121,1.0,1,1.0,False,"['save head last', 'save budget last']",121
2018-05-02,2018-05-03,487.0,122,1.0,1,1.0,False,"['save head last', 'save budget last']",122
2018-05-03,2018-05-04,488.0,123,1.0,1,1.0,False,"['save head last', 'save budget last']",123
2018-05-04,2018-05-05,489.0,124,1.0,1,1.0,False,"['save head last', 'save budget last']",124
2018-05-05,2018-05-06,490.0,125,1.0,1,1.0,False,"['save head last', 'save budget last']",125
2018-05-06,2018-05-07,491.0,126,1.0,1,1.0,False,"['save head last', 'save budget last']",126
2018-05-07,2018-05-08,492.0,127,1.0,1,1.0,False,"['save head last', 'save budget last']",127
2018-05-08,2018-05-09,493.0,128,1.0,1,1.0,False,"['save head last', 'save budget last']",128
2018-05-09,2018-05-10,494.0,129,1.0,1,1.0,False,"['save head last', 'save budget last']",129
2018-05-10,2018-05-11,495.0,130,1.0,1,1.0,False,"['save head last', 'save budget last']",130
2018-05-11,2018-05-12,496.0,131,1.0,1,1.0,False,"['save head last', 'save budget last']",131
2018-05-12,2018-05-13,497.0,132,1.0,1,1.0,False,"['save head last', 'save budget last']",132
2018-05-13,2018-05-14,498.0,133,1.0,1,1.0,False,"['save head last', 'save budget last']",133
2018-05-14,2018-05-15,499.0,134,1.0,1,1.0,False,"['save head last', 'save budget last']",134
2018-05-15,2018-05-16,500.0,135,1.0,1,1.0,False,"['save head last', 'save budget last']",135
2018-05-16,2018-05-17,501.0,136,1.0,1,1.0,False,"['save head last', 'save budget last']",136
2018-05-17,2018-05-18,502.0,137,1.0,1,1.0,False,"['save head last', 'save budget last']",137
2018-05-18,2018-05-19,503.0,138,1.0,1,1.0,False,"['save head last', 'save budget last']",138
2018-05-19,2018-05-20,504.0,139,1.0,1,1.0,False,"['save head last', 'save budget last']",139
2018-05-20,2018-05-21,505.0,140,1.0,1,1.0,False,"['save head last', 'save budget last']",140
2018-05-21,2018-05-22,506.0,141,1.0,1,1.0,False,"['save head last', 'save budget last']",141
2018-05-22,2018-05-23,507.0,142,1.0,1,1.0,False,"['save head last', 'save budget last']",142
2018-05-23,2018-05-24,508.0,143,1.0,1,1.0,False,"['save head last', 'save budget last']",143
2018-05-24,2018-05-25,509.0,144,1.0,1,1.0,False,"['save head last', 'save budget last']",144
2018-05-25,2018-05-26,510.0,145,1.0,1,1.0,False,"['save head last', 'save budget last']",145
2018-05-26,2018-05-27,511.0,146,1.0,1,1.0,False,"['save head last', 'save budget last']",146
2018-05-27,2018-05-28,512.0,147,1.0,1,1.0,False,"['save head last', 'save budget last']",147
2018-05-28,2018-05-29,513.0,148,1.0,1,1.0,False,"['save head last', 'save budget last']",148
2018-05-29,2018-05-30,514.0,149,1.0,1,1.0,False,"['save head last', 'save budget last']",149
2018-05-30,2018-05-31,515.0,150,1.0,1,1.0,False,"['save head last', 'save budget last']",150
2018-05-31,2018-06-01,516.0,151,1.0,1,1.0,False,"['save head last', 'save budget last']",151
2018-06-01,2018-06-02,517.0,152,1.0,1,1.0,False,"['save head last', 'save budget last']",152
2018-06-02,2018-06-03,518.0,153,1.0,1,1.0,False,"['save head last', 'save budget last']",153
2018-06-03,2018-06-04,519.0,154,1.0,1,1.0,False,"['save head last', 'save budget last']",154
2018-06-04,2018-06-05,520.0,155,1.0,1,1.0,False,"['save head last', 'save budget last']",155
2018-06-05,2018-06-06,521.0,156,1.0,1,1.0,False,"['save head last', 'save budget last']",156
2018-06-06,2018-06-07,522.0,157,1.0,1,1.0,False,"['save head last', 'save budget last']",157
2018-06-07,2018-06-08,523.0,158,1.0,1,1.0,False,"['save head last', 'save budget last']",158
2018-06-08,2018-06-09,524.0,159,1.0,1,1.0,False,"['save head last', 'save budget last']",159
2018-06-09,2018-06-10,525.0,160,1.0,1,1.0,False,"['save head last', 'save budget last']",160
2018-06-10,2018-06-11,526.0,161,1.0,1,1.0,False,"['save head last', 'save budget last']",161
2018-06-11,2018-06-12,527.0,162,1.0,1,1.0,False,"['save head last', 'save budget last']",162
2018-06-12,2018-06-13,528.0,163,1.0,1,1.0,False,"['save head last', 'save budget last']",163
2018-06-13,2018-06-14,529.0,164,1.0,1,1.0,False,"['save head last', 'save budget last']",164
2018-06-14,2018-06-15,530.0,165,1.0,1,1.0,False,"['save head last', 'save budget last']",165
2018-06-15,2018-06-16,531.0,166,1.0,1,1.0,False,"['save head last', 'save budget last']",166
2018-06-16,2018-06-17,532.0,167,1.0,1,1.0,False,"['save head last', 'save budget last']",167
2018-06-17,2018-06-18,533.0,168,1.0,1,1.0,False,"['save head last', 'save budget last']",168
2018-06-18,2018-06-19,534.0,169,1.0,1,1.0,False,"['save head last', 'save budget last']",169
2018-06-19,2018-06-20,535.0,170,1.0,1,1.0,False,"['save head last', 'save budget last']",170
2018-06-20,2018-06-21,536.0,171,1.0,1,1.0,False,"['save head last', 'save budget last']",171
2018-06-21,2018-06-22,537.0,172,1.0,1,1.0,False,"['save head last', 'save budget last']",172
2018-06-22,2018-06-23,538.0,173,1.0,1,1.0,False,"['save head last', 'save budget last']",173
2018-06-23,2018-06-24,539.0,174,1.0,1,1.0,False,"['save head last', 'save budget last']",174
2018-06-24,2018-06-25,540.0,175,1.0,1,1.0,False,"['save head last', 'save budget last']",175
2018-06-25,2018-06-26,541.0,176,1.0,1,1.0,False,"['save head last', 'save budget last']",176
2018-06-26,2018-06-27,542.0,177,1.0,1,1.0,False,"['save head last', 'save budget last']",177
2018-06-27,2018-06-28,543.0,178,1.0,1,1.0,False,"['save head last', 'save budget last']",178
2018-06-28,2018-06-29,544.0,179,1.0,1,1.0,False,"['save head last', 'save budget last']",179
2018-06-29,2018-06-30,545.0,180,1.0,1,1.0,False,"['save head last', 'save budget last']",180
2018-06-30,2018-07-01,546.0,181,1.0,1,1.0,False,"['save head last', 'save budget last']",181
2018-07-01,2018-07-02,547.0,182,1.0,1,1.0,False,"['save head last', 'save budget last']",182
2018-07-02,2018-07-03,548.0,183,1.0,1,1.0,False,"['save head last', 'save budget last']",183
2018-07-03,2018-07-04,549.0,184,1.0,1,1.0,False,"['save head last', 'save budget last']",184
2018-07-04,2018-07-05,550.0,185,1.0,1,1.0,False,"['save head last', 'save budget last']",185
2018-07-05,2018-07-06,551.0,186,1.0,1,1.0,False,"['save head last', 'save budget last']",186
2018-07-06,2018-07-07,552.0,187,1.0,1,1.0,False,"['save head last', 'save budget last']",187
2018-07-07,2018-07-08,553.0,188,1.0,1,1.0,False,"['save head last', 'save budget last']",188
2018-07-08,2018-07-09,554.0,189,1.0,1,1.0,False,"['save head last', 'save budget last']",189
2018-07-09,2018-07-10,555.0,190,1.0,1,1.0,False,"['save head last', 'save budget last']",190
2018-07-10,2018-07-11,556.0,191,1.0,1,1.0,False,"['save head last', 'save budget last']",191
2018-07-11,2018-07-12,557.0,192,1.0,1,1.0,False,"['save head last', 'save budget last']",192
2018-07-12,2018-07-13,558.0,193,1.0,1,1.0,False,"['save head last', 'save budget last']",193
2018-07-13,2018-07-14,559.0,194,1.0,1,1.0,False,"['save head last', 'save budget last']",194
2018-07-14,2018-07-15,560.0,195,1.0,1,1.0,False,"['save head last', 'save budget last']",195
2018-07-15,2018-07-16,561.0,196,1.0,1,1.0,False,"['save head last', 'save budget last']",196
2018-07-16,2018-07-17,562.0,197,1.0,1,1.0,False,"['save head last', 'save budget last']",197
2018-07-17,2018-07-18,563.0,198,1.0,1,1.0,False,"['save head last', 'save budget last']",198
2018-07-18,2018-07-19,564.0,199,1.0,1,1.0,False,"['save head last', 'save budget last']",199
2018-07-19,2018-07-20,565.0,200,1.0,1,1.0,False,"['save head last', 'save budget last']",200
2018-07-20,2018-07-21,566.0,201,1.0,1,1.0,False,"['save head last', 'save budget last']",201
2018-07-21,2018-07-22,567.0,202,1.0,1,1.0,False,"['save head last', 'save budget last']",202
2018-07-22,2018-07-23,568.0,203,1.0,1,1.0,False,"['save head last', 'save budget last']",203
2018-07-23,2018-07-24,569.0,204,1.0,1,1.0,False,"['save head last', 'save budget last']",204
2018-07-24,2018-07-25,570.0,205,1.0,1,1.0,False,"['save head last', 'save budget last']",205
2018-07-25,2018-07-26,571.0,206,1.0,1,1.0,False,"['save head last', 'save budget last']",206
2018-07-26,2018-07-27,572.0,207,1.0,1,1.0,False,"['save head last', 'save budget last']",207
2018-07-27,2018-07-28,573.0,208,1.0,1,1.0,False,"['save head last', 'save budget last']",208
2018-07-28,2018-07-29,574.0,209,1.0,1,1.0,False,"['save head last', 'save budget last']",209
2018-07-29,2018-07-30,575.0,210,1.0,1,1.0,False,"['save head last', 'save budget last']",210
2018-07-30,2018-07-31,576.0,211,1.0,1,1.0,False,"['save head last', 'save budget last']",211
2018-07-31,2018-08-01,577.0,212,1.0,1,1.0,False,"['save head last', 'save budget last']",212
2018-08-01,2018-08-02,578.0,213,1.0,1,1.0,False,"['save head last', 'save budget last']",213
2018-08-02,2018-08-03,579.0,214,1.0,1,1.0,False,"['save head last', 'save budget last']",214
2018-08-03,2018-08-04,580.0,215,1.0,1,1.0,False,"['save head last', 'save budget last']",215
2018-08-04,2018-08-05,581.0,216,1.0,1,1.0,False,"['save head last', 'save budget last']",216
2018-08-05,2018-08-06,582.0,217,1.0,1,1.0,False,"['save head last', 'save budget last']",217
2018-08-06,2018-08-07,583.0,218,1.0,1,1.0,False,"['save head last', 'save budget last']",218
2018-08-07,2018-08-08,584.0,219,1.0,1,1.0,False,"['save head last', 'save budget last']",219
2018-08-08,2018-08-09,585.0,220,1.0,1,1.0,False,"['save head last', 'save budget last']",220
2018-08-09,2018-08-10,586.0,221,1.0,1,1.0,False,"['save head last', 'save budget last']",221
2018-08-10,2018-08-11,587.0,222,1.0,1,1.0,False,"['save head last', 'save budget last']",222
2018-08-11,2018-08-12,588.0,223,1.0,1,1.0,False,"['save head last', 'save budget last']",223
2018-08-12,2018-08-13,589.0,224,1.0,1,1.0,False,"['save head last', 'save budget last']",224
2018-08-13,2018-08-14,590.0,225,1.0,1,1.0,False,"['save head last', 'save budget last']",225
2018-08-14,2018-08-15,591.0,226,1.0,1,1.0,False,"['save head last', 'save budget last']",226
2018-08-15,2018-08-16,592.0,227,1.0,1,1.0,False,"['save head last', 'save budget last']",227
2018-08-16,2018-08-17,593.0,228,1.0,1,1.0,False,"['save head last', 'save budget last']",228
2018-08-17,2018-08-18,594.0,229,1.0,1,1.0,False,"['save head last', 'save budget last']",229
2018-08-18,2018-08-19,595.0,230,1.0,1,1.0,False,"['save head last', 'save budget last']",230
2018-08-19,2018-08-20,596.0,231,1.0,1,1.0,False,"['save head last', 'save budget last']",231
2018-08-20,2018-08-21,597.0,232,1.0,1,1.0,False,"['save head last', 'save budget last']",232
2018-08-21,2018-08-22,598.0,233,1.0,1,1.0,False,"['save head last', 'save budget last']",233
2018-08-22,2018-08-23,599.0,234,1.0,1,1.0,False,"['save head last', 'save budget last']",234
2018-08-23,2018-08-24,600.0,235,1.0,1,1.0,False,"['save head last', 'save budget last']",235
2018-08-24,2018-08-25,601.0,236,1.0,1,1.0,False,"['save head last', 'save budget last']",236
2018-08-25,2018-08-26,602.0,237,1.0,1,1.0,False,"['save head last', 'save budget last']",237
2018-08-26,2018-08-27,603.0,238,1.0,1,1.0,False,"['save head last', 'save budget last']",238
2018-08-27,2018-08-28,604.0,239,1.0,1,1.0,False,"['save head last', 'save budget last']",239
2018-08-28,2018-08-29,605.0,240,1.0,1,1.0,False,"['save head last', 'save budget last']",240
2018-08-29,2018-08-30,606.0,241,1.0,1,1.0,False,"['save head last', 'save budget last']",241
2018-08-30,2018-08-31,607.0,242,1.0,1,1.0,False,"['save head last', 'save budget last']",242
2018-08-31,2018-09-01,608.0,243,1.0,1,1.0,False,"['save head last', 'save budget last']",243
2018-09-01,2018-09-02,609.0,244,1.0,1,1.0,False,"['save head last', 'save budget last']",244
2018-09-02,2018-09-03,610.0,245,1.0,1,1.0,False,"['save head last', 'save budget last']",245
2018-09-03,2018-09-04,611.0,246,1.0,1,1.0,False,"['save head last', 'save budget last']",246
2018-09-04,2018-09-05,612.0,247,1.0,1,1.0,False,"['save head last', 'save budget last']",247
2018-09-05,2018-09-06,613.0,248,1.0,1,1.0,False,"['save head last', 'save budget last']",248
2018-09-06,2018-09-07,614.0,249,1.0,1,1.0,False,"['save head last', 'save budget last']",249
2018-09-07,2018-09-08,615.0,250,1.0,1,1.0,False,"['save head last', 'save budget last']",250
2018-09-08,2018-09-09,616.0,251,1.0,1,1.0,False,"['save head last', 'save budget last']",251
2018-09-09,2018-09-10,617.0,252,1.0,1,1.0,False,"['save head last', 'save budget last']",252
2018-09-10,2018-09-11,618.0,253,1.0,1,1.0,False,"['save head last', 'save budget last']",253
2018-09-11,2018-09-12,619.0,254,1.0,1,1.0,False,"['save head last', 'save budget last']",254
2018-09-12,2018-09-13,620.0,255,1.0,1,1.0,False,"['save head last', 'save budget last']",255
2018-09-13,2018-09-14,621.0,256,1.0,1,1.0,False,"['save head last', 'save budget last']",256
2018-09-14,2018-09-15,622.0,257,1.0,1,1.0,False,"['save head last', 'save budget last']",257
2018-09-15,2018-09-16,623.0,258,1.0,1,1.0,False,"['save head last', 'save budget last']",258
2018-09-16,2018-09-17,624.0,259,1.0,1,1.0,False,"['save head last', 'save budget last']",259
2018-09-17,2018-09-18,625.0,260,1.0,1,1.0,False,"['save head last', 'save budget last']",260
2018-09-18,2018-09-19,626.0,261,1.0,1,1.0,False,"['save head last', 'save budget last']",261
2018-09-19,2018-09-20,627.0,262,1.0,1,1.0,False,"['save head last', 'save budget last']",262
2018-09-20,2018-09-21,628.0,263,1.0,1,1.0,False,"['save head last', 'save budget last']",263
2018-09-21,2018-09-22,629.0,264,1.0,1,1.0,False,"['save head last', 'save budget last']",264
2018-09-22,2018-09-23,630.0,265,1.0,1,1.0,False,"['save head last', 'save budget last']",265
2018-09-23,2018-09-24,631.0,266,1.0,1,1.0,False,"['save head last', 'save budget last']",266
2018-09-24,2018-09-25,632.0,267,1.0,1,1.0,False,"['save head last', 'save budget last']",267
2018-09-25,2018-09-26,633.0,268,1.0,1,1.0,False,"['save head last', 'save budget last']",268
2018-09-26,2018-09-27,634.0,269,1.0,1,1.0,False,"['save head last', 'save budget last']",269
2018-09-27,2018-09-28,635.0,270,1.0,1,1.0,False,"['save head last', 'save budget last']",270
2018-09-28,2018-09-29,636.0,271,1.0,1,1.0,False,"['save head last', 'save budget last']",271
2018-09-29,2018-09-30,637.0,272,1.0,1,1.0,False,"['save head last', 'save budget last']",272
2018-09-30,2018-10-01,638.0,273,1.0,1,1.0,False,"['save head last', 'save budget last']",273
2018-10-01,2018-10-02,639.0,274,1.0,1,1.0,False,"['save head last', 'save budget last']",274
2018-10-02,2018-10-03,640.0,275,1.0,1,1.0,False,"['save head last', 'save budget last']",275
2018-10-03,2018-10-04,641.0,276,1.0,1,1.0,False,"['save head last', 'save budget last']",276
2018-10-04,2018-10-05,642.0,277,1.0,1,1.0,False,"['save head last', 'save budget last']",277
2018-10-05,2018-10-06,643.0,278,1.0,1,1.0,False,"['save head last', 'save budget last']",278
2018-10-06,2018-10-07,644.0,279,1.0,1,1.0,False,"['save head last', 'save budget last']",279
2018-10-07,2018-10-08,645.0,280,1.0,1,1.0,False,"['save head last', 'save budget last']",280
2018-10-08,2018-10-09,646.0,281,1.0,1,1.0,False,"['save head last', 'save budget last']",281
2018-10-09,2018-10-10,647.0,282,1.0,1,1.0,False,"['save head last', 'save budget last']",282
2018-10-10,2018-10-11,648.0,283,1.0,1,1.0,False,"['save head last', 'save budget last']",283
2018-10-11,2018-10-12,649.0,284,1.0,1,1.0,False,"['save head last', 'save budget last']",284
2018-10-12,2018-10-13,650.0,285,1.0,1,1.0,False,"['save head last', 'save budget last']",285
2018-10-13,2018-10-14,651.0,286,1.0,1,1.0,False,"['save head last', 'save budget last']",286
2018-10-14,2018-10-15,652.0,287,1.0,1,1.0,False,"['save head last', 'save budget last']",287
2018-10-15,2018-10-16,653.0,288,1.0,1,1.0,False,"['save head last', 'save budget last']",288
2018-10-16,2018-10-17,654.0,289,1.0,1,1.0,False,"['save head last', 'save budget last']",289
2018-10-17,2018-10-18,655.0,290,1.0,1,1.0,False,"['save head last', 'save budget last']",290
2018-10-18,2018-10-19,656.0,291,1.0,1,1.0,False,"['save head last', 'save budget last']",291
2018-10-19,2018-10-20,657.0,292,1.0,1,1.0,False,"['save head last', 'save budget last']",292
2018-10-20,2018-10-21,658.0,293,1.0,1,1.0,False,"['save head last', 'save budget last']",293
2018-10-21,2018-10-22,659.0,294,1.0,1,1.0,False,"['save head last', 'save budget last']",294
2018-10-22,2018-10-23,660.0,295,1.0,1,1.0,False,"['save head last', 'save budget last']",295
2018-10-23,2018-10-24,661.0,296,1.0,1,1.0,False,"['save head last', 'save budget last']",296
2018-10-24,2018-10-25,662.0,297,1.0,1,1.0,False,"['save head last', 'save budget last']",297
2018-10-25,2018-10-26,663.0,298,1.0,1,1.0,False,"['save head last', 'save budget last']",298
2018-10-26,2018-10-27,664.0,299,1.0,1,1.0,False,"['save head last', 'save budget last']",299
2018-10-27,2018-10-28,665.0,300,1.0,1,1.0,False,"['save head last', 'save budget last']",300
2018-10-28,2018-10-29,666.0,301,1.0,1,1.0,False,"['save head last', 'save budget last']",301
2018-10-29,2018-10-30,667.0,302,1.0,1,1.0,False,"['save head last', 'save budget last']",302
2018-10-30,2018-10-31,668.0,303,1.0,1,1.0,False,"['save head last', 'save budget last']",303
2018-10-31,2018-11-01,669.0,304,1.0,1,1.0,False,"['save head last', 'save budget last']",304
2018-11-01,2018-11-02,670.0,305,1.0,1,1.0,False,"['save head last', 'save budget last']",305
2018-11-02,2018-11-03,671.0,306,1.0,1,1.0,False,"['save head last', 'save budget last']",306
2018-11-03,2018-11-04,672.0,307,1.0,1,1.0,False,"['save head last', 'save budget last']",307
2018-11-04,2018-11-05,673.0,308,1.0,1,1.0,False,"['save head last', 'save budget last']",308
2018-11-05,2018-11-06,674.0,309,1.0,1,1.0,False,"['save head last', 'save budget last']",309
2018-11-06,2018-11-07,675.0,310,1.0,1,1.0,False,"['save head last', 'save budget last']",310
2018-11-07,2018-11-08,676.0,311,1.0,1,1.0,False,"['save head last', 'save budget last']",311
2018-11-08,2018-11-09,677.0,312,1.0,1,1.0,False,"['save head last', 'save budget last']",312
2018-11-09,2018-11-10,678.0,313,1.0,1,1.0,False,"['save head last', 'save budget last']",313
2018-11-10,2018-11-11,679.0,314,1.0,1,1.0,False,"['save head last', 'save budget last']",314
2018-11-11,2018-11-12,680.0,315,1.0,1,1.0,False,"['save head last', 'save budget last']",315
2018-11-12,2018-11-13,681.0,316,1.0,1,1.0,False,"['save head last', 'save budget last']",316
2018-11-13,2018-11-14,682.0,317,1.0,1,1.0,False,"['save head last', 'save budget last']",317
2018-11-14,2018-11-15,683.0,318,1.0,1,1.0,False,"['save head last', 'save budget last']",318
2018-11-15,2018-11-16,684.0,319,1.0,1,1.0,False,"['save head last', 'save budget last']",319
2018-11-16,2018-11-17,685.0,320,1.0,1,1.0,False,"['save head last', 'save budget last']",320
2018-11-17,2018-11-18,686.0,321,1.0,1,1.0,False,"['save head last', 'save budget last']",321
2018-11-18,2018-11-19,687.0,322,1.0,1,1.0,False,"['save head last', 'save budget last']",322
2018-11-19,2018-11-20,688.0,323,1.0,1,1.0,False,"['save head last', 'save budget last']",323
2018-11-20,2018-11-21,689.0,324,1.0,1,1.0,False,"['save head last', 'save budget last']",324
2018-11-21,2018-11-22,690.0,325,1.0,1,1.0,False,"['save head last', 'save budget last']",325
2018-11-22,2018-11-23,691.0,326,1.0,1,1.0,False,"['save head last', 'save budget last']",326
2018-11-23,2018-11-24,692.0,327,1.0,1,1.0,False,"['save head last', 'save budget last']",327
2018-11-24,2018-11-25,693.0,328,1.0,1,1.0,False,"['save head last', 'save budget last']",328
2018-11-25,2018-11-26,694.0,329,1.0,1,1.0,False,"['save head last', 'save budget last']",329
2018-11-26,2018-11-27,695.0,330,1.0,1,1.0,False,"['save head last', 'save budget last']",330
2018-11-27,2018-11-28,696.0,331,1.0,1,1.0,False,"['save head last', 'save budget last']",331
2018-11-28,2018-11-29,697.0,332,1.0,1,1.0,False,"['save head last', 'save budget last']",332
2018-11-29,2018-11-30,698.0,333,1.0,1,1.0,False,"['save head last', 'save budget last']",333
2018-11-30,2018-12-01,699.0,334,1.0,1,1.0,False,"['save head last', 'save budget last']",334
2018-12-01,2018-12-02,700.0,335,1.0,1,1.0,False,"['save head last', 'save budget last']",335
2018-12-02,2018-12-03,701.0,336,1.0,1,1.0,False,"['save head last', 'save budget last']",336
2018-12-03,2018-12-04,702.0,337,1.0,1,1.0,False,"['save head last', 'save budget last']",337
2018-12-04,2018-12-05,703.0,338,1.0,1,1.0,False,"['save head last', 'save budget last']",338
2018-12-05,2018-12-06,704.0,339,1.0,1,1.0,False,"['save head last', 'save budget last']",339
2018-12-06,2018-12-07,705.0,340,1.0,1,1.0,False,"['save head last', 'save budget last']",340
2018-12-07,2018-12-08,706.0,341,1.0,1,1.0,False,"['save head last', 'save budget last']",341
2018-12-08,2018-12-09,707.0,342,1.0,1,1.0,False,"['save head last', 'save budget last']",342
2018-12-09,2018-12-10,708.0,343,1.0,1,1.0,False,"['save head last', 'save budget last']",343
2018-12-10,2018-12-11,709.0,344,1.0,1,1.0,False,"['save head last', 'save budget last']",344
2018-12-11,2018-12-12,710.0,345,1.0,1,1.0,False,"['save head last', 'save budget last']",345
2018-12-12,2018-12-13,711.0,346,1.0,1,1.0,False,"['save head last', 'save budget last']",346
2018-12-13,2018-12-14,712.0,347,1.0,1,1.0,False,"['save head last', 'save budget last']",347
2018-12-14,2018-12-15,713.0,348,1.0,1,1.0,False,"['save head last', 'save budget last']",348
2018-12-15,2018-12-16,714.0,349,1.0,1,1.0,False,"['save head last', 'save budget last']",349
2018-12-16,2018-12-17,715.0,350,1.0,1,1.0,False,"['save head last', 'save budget last']",350
2018-12-17,2018-12-18,716.0,351,1.0,1,1.0,False,"['save head last', 'save budget last']",351
2018-12-18,2018-12-19,717.0,352,1.0,1,1.0,False,"['save head last', 'save budget last']",352
2018-12-19,2018-12-20,718.0,353,1.0,1,1.0,False,"['save head last', 'save budget last']",353
2018-12-20,2018-12-21,719.0,354,1.0,1,1.0,False,"['save head last', 'save budget last']",354
2018-12-21,2018-12-22,720.0,355,1.0,1,1.0,False,"['save head last', 'save budget last']",355
2018-12-22,2018-12-23,721.0,356,1.0,1,1.0,False,"['save head last', 'save budget last']",356
2018-12-23,2018-12-24,722.0,357,1.0,1,1.0,False,"['save head last', 'save budget last']",357
2018-12-24,2018-12-25,723.0,358,1.0,1,1.0,False,"['save head last', 'save budget last']",358
2018-12-25,2018-12-26,724.0,359,1.0,1,1.0,False,"['save head last', 'save budget last']",359
2018-12-26,2018-12-27,725.0,360,1.0,1,1.0,False,"['save head last', 'save budget last']",360
2018-12-27,2018-12-28,726.0,361,1.0,1,1.0,False,"['save head last', 'save budget last']",361
2018-12-28,2018-12-29,727.0,362,1.0,1,1.0,False,"['save head last', 'save budget last']",362
2018-12-29,2018-12-30,728.0,363,1.0,1,1.0,False,"['save head last', 'save budget last']",363
2018-12-30,2018-12-31,729.0,364,1.0,1,1.0,False,"['save head last', 'save budget last']",364
2018-12-31,2019-01-01,730.0,365,1.0,1,1.0,False,"['save head last', 'save budget last']",365
